date,EFFR,USD/KRW
2014-12-24,0.13,1103.22
2014-12-25,0.13,1101.26
2014-12-26,0.13,1099.3
2014-12-29,0.13,1097.34
2014-12-30,0.13,1096.06
2014-12-31,0.06,1090.89
2015-01-01,0.09,1097.31
2015-01-02,0.12,1103.73
2015-01-05,0.12,1109.07
2015-01-06,0.12,1098.14
2015-01-07,0.12,1101.51
2015-01-08,0.12,1096.19
2015-01-09,0.12,1086.14
2015-01-12,0.12,1083.25
2015-01-13,0.12,1080.42
2015-01-14,0.12,1080.45
2015-01-15,0.12,1077.94
2015-01-16,0.13,1076.68
2015-01-19,0.125,1081.9250000000002
2015-01-20,0.12,1087.17
2015-01-21,0.12,1081.94
2015-01-22,0.12,1081.75
2015-01-23,0.12,1075.75
2015-01-26,0.12,1079.42
2015-01-27,0.11,1075.31
2015-01-28,0.12,1084.84
2015-01-29,0.11,1098.6
2015-01-30,0.06,1104.3
2015-02-02,0.12,1099.61
2015-02-03,0.12,1096.06
2015-02-04,0.11,1086.79
2015-02-05,0.12,1087.05
2015-02-06,0.11,1097.26
2015-02-09,0.12,1096.4
2015-02-10,0.12,1098.61
2015-02-11,0.12,1108.19
2015-02-12,0.12,1100.87
2015-02-13,0.12,1097.2
2015-02-16,0.12,1102.2649999999999
2015-02-17,0.12,1107.33
2015-02-18,0.12,1112.82
2015-02-19,0.12,1110.69
2015-02-20,0.12,1110.06
2015-02-23,0.11,1108.25
2015-02-24,0.11,1108.05
2015-02-25,0.11,1101.53
2015-02-26,0.11,1100.33
2015-02-27,0.06,1100.65
2015-03-02,0.12,1101.46
2015-03-03,0.12,1095.65
2015-03-04,0.11,1100.2
2015-03-05,0.11,1100.11
2015-03-06,0.12,1110.36
2015-03-09,0.12,1114.18
2015-03-10,0.12,1123.32
2015-03-11,0.11,1131.33
2015-03-12,0.11,1120.13
2015-03-13,0.11,1135.7
2015-03-16,0.12,1129.62
2015-03-17,0.12,1127.69
2015-03-18,0.11,1127.09
2015-03-19,0.12,1121.21
2015-03-20,0.12,1113.87
2015-03-23,0.12,1106.68
2015-03-24,0.11,1104.2
2015-03-25,0.12,1099.72
2015-03-26,0.11,1103.59
2015-03-27,0.12,1103.6
2015-03-30,0.12,1106.39
2015-03-31,0.06,1107.71
2015-04-01,0.12,1098.1
2015-04-02,0.12,1089.49
2015-04-03,0.12,1085.65
2015-04-06,0.13,1083.38
2015-04-07,0.12,1093.76
2015-04-08,0.12,1093.77
2015-04-09,0.12,1093.8
2015-04-10,0.12,1093.13
2015-04-13,0.13,1100.41
2015-04-14,0.13,1090.76
2015-04-15,0.13,1095.07
2015-04-16,0.13,1086.89
2015-04-17,0.13,1081.99
2015-04-20,0.13,1081.27
2015-04-21,0.13,1081.54
2015-04-22,0.13,1080.64
2015-04-23,0.13,1080.0
2015-04-24,0.13,1075.85
2015-04-27,0.13,1071.01
2015-04-28,0.13,1063.03
2015-04-29,0.13,1066.48
2015-04-30,0.08,1076.74
2015-05-01,0.13,1080.22
2015-05-04,0.13,1081.19
2015-05-05,0.13,1080.46
2015-05-06,0.13,1077.23
2015-05-07,0.13,1093.55
2015-05-08,0.13,1087.28
2015-05-11,0.13,1095.39
2015-05-12,0.13,1093.81
2015-05-13,0.13,1089.72
2015-05-14,0.13,1089.46
2015-05-15,0.13,1083.05
2015-05-18,0.13,1088.19
2015-05-19,0.12,1093.94
2015-05-20,0.12,1097.62
2015-05-21,0.12,1092.41
2015-05-22,0.13,1093.46
2015-05-25,0.125,1099.76
2015-05-26,0.12,1106.06
2015-05-27,0.12,1107.84
2015-05-28,0.12,1109.86
2015-05-29,0.08,1111.99
2015-06-01,0.12,1115.61
2015-06-02,0.12,1109.34
2015-06-03,0.13,1104.33
2015-06-04,0.13,1112.56
2015-06-05,0.13,1121.18
2015-06-08,0.13,1121.95
2015-06-09,0.13,1119.38
2015-06-10,0.13,1110.32
2015-06-11,0.13,1113.24
2015-06-12,0.13,1111.63
2015-06-15,0.13,1114.94
2015-06-16,0.14,1118.08
2015-06-17,0.14,1122.83
2015-06-18,0.14,1101.55
2015-06-19,0.13,1102.64
2015-06-22,0.13,1098.85
2015-06-23,0.13,1104.54
2015-06-24,0.13,1110.67
2015-06-25,0.13,1111.05
2015-06-26,0.13,1122.31
2015-06-29,0.14,1119.09
2015-06-30,0.08,1117.34
2015-07-01,0.13,1123.89
2015-07-02,0.13,1119.95
2015-07-03,0.13,1122.7649999999999
2015-07-06,0.13,1125.58
2015-07-07,0.13,1133.75
2015-07-08,0.13,1131.75
2015-07-09,0.13,1133.69
2015-07-10,0.13,1127.29
2015-07-13,0.13,1133.93
2015-07-14,0.13,1142.75
2015-07-15,0.13,1146.42
2015-07-16,0.14,1145.24
2015-07-17,0.13,1148.48
2015-07-20,0.14,1156.38
2015-07-21,0.13,1148.33
2015-07-22,0.13,1156.49
2015-07-23,0.13,1160.64
2015-07-24,0.13,1169.02
2015-07-27,0.14,1167.75
2015-07-28,0.14,1161.09
2015-07-29,0.14,1158.49
2015-07-30,0.14,1173.42
2015-07-31,0.08,1159.7
2015-08-03,0.14,1168.63
2015-08-04,0.14,1161.2
2015-08-05,0.14,1174.4
2015-08-06,0.14,1163.25
2015-08-07,0.14,1164.0
2015-08-10,0.14,1161.69
2015-08-11,0.15,1181.36
2015-08-12,0.15,1175.03
2015-08-13,0.15,1176.02
2015-08-14,0.14,1177.62
2015-08-17,0.15,1181.53
2015-08-18,0.15,1185.85
2015-08-19,0.15,1184.35
2015-08-20,0.15,1185.63
2015-08-21,0.15,1194.6
2015-08-24,0.15,1191.13
2015-08-25,0.15,1195.25
2015-08-26,0.14,1185.52
2015-08-27,0.14,1170.49
2015-08-28,0.14,1180.93
2015-08-31,0.08,1182.54
2015-09-01,0.14,1179.78
2015-09-02,0.14,1183.46
2015-09-03,0.14,1188.07
2015-09-04,0.14,1196.4
2015-09-07,0.14,1195.9850000000001
2015-09-08,0.14,1195.57
2015-09-09,0.14,1186.52
2015-09-10,0.14,1184.87
2015-09-11,0.14,1182.25
2015-09-14,0.14,1181.17
2015-09-15,0.14,1178.69
2015-09-16,0.14,1169.77
2015-09-17,0.14,1163.11
2015-09-18,0.14,1164.13
2015-09-21,0.14,1179.24
2015-09-22,0.14,1186.1
2015-09-23,0.14,1193.96
2015-09-24,0.14,1195.48
2015-09-25,0.13,1190.14
2015-09-28,0.13,1193.32
2015-09-29,0.13,1194.28
2015-09-30,0.07,1184.62
2015-10-01,0.13,1180.04
2015-10-02,0.13,1175.48
2015-10-05,0.13,1158.54
2015-10-06,0.13,1160.7
2015-10-07,0.13,1153.72
2015-10-08,0.13,1155.57
2015-10-09,0.13,1145.67
2015-10-12,0.13,1146.545
2015-10-13,0.13,1147.42
2015-10-14,0.13,1140.39
2015-10-15,0.13,1120.9
2015-10-16,0.13,1130.73
2015-10-19,0.13,1130.57
2015-10-20,0.13,1128.64
2015-10-21,0.13,1137.09
2015-10-22,0.12,1131.48
2015-10-23,0.12,1135.0
2015-10-26,0.12,1127.47
2015-10-27,0.12,1134.57
2015-10-28,0.12,1130.31
2015-10-29,0.12,1142.39
2015-10-30,0.07,1140.5
2015-11-02,0.12,1140.5
2015-11-03,0.12,1140.5
2015-11-04,0.12,1136.45
2015-11-05,0.12,1140.5
2015-11-06,0.12,1140.5
2015-11-09,0.12,1160.42
2015-11-10,0.12,1158.34
2015-11-11,0.12,1158.4699999999998
2015-11-12,0.12,1158.6
2015-11-13,0.12,1169.79
2015-11-16,0.13,1172.67
2015-11-17,0.13,1169.08
2015-11-18,0.12,1167.89
2015-11-19,0.12,1156.08
2015-11-20,0.12,1151.63
2015-11-23,0.12,1159.14
2015-11-24,0.12,1149.39
2015-11-25,0.12,1140.67
2015-11-26,0.12,1147.5500000000002
2015-11-27,0.12,1154.43
2015-11-30,0.08,1149.39
2015-12-01,0.13,1149.39
2015-12-02,0.13,1149.39
2015-12-03,0.13,1149.39
2015-12-04,0.13,1149.39
2015-12-07,0.13,1172.68
2015-12-08,0.13,1179.6
2015-12-09,0.14,1181.75
2015-12-10,0.14,1176.39
2015-12-11,0.14,1188.0
2015-12-14,0.15,1186.2
2015-12-15,0.15,1176.66
2015-12-16,0.15,1177.19
2015-12-17,0.37,1187.7
2015-12-18,0.37,1178.04
2015-12-21,0.36,1173.87
2015-12-22,0.36,1169.26
2015-12-23,0.36,1140.67
2015-12-24,0.36,1167.94
2015-12-25,0.36,1168.6
2015-12-28,0.36,1169.26
2015-12-29,0.36,1169.26
2015-12-30,0.35,1177.53
2015-12-31,0.2,1169.26
2016-01-01,0.28,1180.3600000000001
2016-01-04,0.36,1191.46
2016-01-05,0.36,1190.43
2016-01-06,0.36,1200.16
2016-01-07,0.36,1193.05
2016-01-08,0.36,1206.97
2016-01-11,0.36,1206.55
2016-01-12,0.36,1208.95
2016-01-13,0.36,1208.95
2016-01-14,0.36,1211.28
2016-01-15,0.36,1216.95
2016-01-18,0.36,1211.28
2016-01-19,0.36,1205.61
2016-01-20,0.37,1215.4
2016-01-21,0.37,1204.31
2016-01-22,0.38,1195.66
2016-01-25,0.38,1194.3
2016-01-26,0.38,1199.64
2016-01-27,0.38,1199.25
2016-01-28,0.38,1204.08
2016-01-29,0.29,1210.04
2016-02-01,0.38,1203.19
2016-02-02,0.38,1212.01
2016-02-03,0.38,1211.33
2016-02-04,0.38,1186.11
2016-02-05,0.38,1204.69
2016-02-08,0.38,1205.1
2016-02-09,0.38,1200.39
2016-02-10,0.38,1189.69
2016-02-11,0.38,1196.89
2016-02-12,0.38,1205.13
2016-02-15,0.38,1212.285
2016-02-16,0.38,1219.44
2016-02-17,0.37,1222.32
2016-02-18,0.38,1231.15
2016-02-19,0.38,1231.09
2016-02-22,0.38,1223.32
2016-02-23,0.38,1230.05
2016-02-24,0.38,1234.6
2016-02-25,0.37,1237.39
2016-02-26,0.37,1242.59
2016-02-29,0.29,1238.09
2016-03-01,0.36,1229.56
2016-03-02,0.37,1227.59
2016-03-03,0.37,1209.55
2016-03-04,0.36,1195.09
2016-03-07,0.36,1200.08
2016-03-08,0.36,1206.19
2016-03-09,0.36,1206.82
2016-03-10,0.36,1204.09
2016-03-11,0.36,1184.56
2016-03-14,0.36,1187.39
2016-03-15,0.37,1194.99
2016-03-16,0.37,1190.59
2016-03-17,0.37,1155.83
2016-03-18,0.37,1160.11
2016-03-21,0.37,1157.33
2016-03-22,0.37,1154.58
2016-03-23,0.37,1166.59
2016-03-24,0.37,1168.09
2016-03-25,0.37,1168.19
2016-03-28,0.37,1163.39
2016-03-29,0.37,1164.69
2016-03-30,0.37,1142.02
2016-03-31,0.25,1138.86
2016-04-01,0.37,1147.15
2016-04-04,0.37,1151.35
2016-04-05,0.37,1158.39
2016-04-06,0.37,1155.28
2016-04-07,0.37,1156.81
2016-04-08,0.37,1148.89
2016-04-11,0.37,1141.97
2016-04-12,0.37,1144.53
2016-04-13,0.37,1146.29
2016-04-14,0.37,1151.99
2016-04-15,0.37,1144.83
2016-04-18,0.37,1144.48
2016-04-19,0.37,1126.01
2016-04-20,0.37,1130.48
2016-04-21,0.37,1135.49
2016-04-22,0.37,1147.85
2016-04-25,0.37,1147.76
2016-04-26,0.37,1146.66
2016-04-27,0.37,1151.5
2016-04-28,0.37,1139.93
2016-04-29,0.3,1144.09
2016-05-02,0.37,1138.45
2016-05-03,0.37,1148.69
2016-05-04,0.37,1164.59
2016-05-05,0.37,1165.93
2016-05-06,0.37,1167.29
2016-05-09,0.37,1174.25
2016-05-10,0.37,1169.89
2016-05-11,0.37,1162.47
2016-05-12,0.37,1168.7
2016-05-13,0.37,1176.85
2016-05-16,0.37,1177.21
2016-05-17,0.37,1173.67
2016-05-18,0.37,1185.77
2016-05-19,0.37,1189.25
2016-05-20,0.37,1186.93
2016-05-23,0.37,1183.39
2016-05-24,0.37,1186.39
2016-05-25,0.37,1182.21
2016-05-26,0.37,1178.09
2016-05-27,0.37,1180.59
2016-05-30,0.32999999999999996,1184.79
2016-05-31,0.29,1188.99
2016-06-01,0.37,1192.09
2016-06-02,0.37,1186.69
2016-06-03,0.37,1167.79
2016-06-06,0.37,1162.28
2016-06-07,0.37,1154.8
2016-06-08,0.37,1153.83
2016-06-09,0.37,1159.29
2016-06-10,0.37,1167.61
2016-06-13,0.37,1169.74
2016-06-14,0.37,1176.78
2016-06-15,0.37,1167.53
2016-06-16,0.38,1176.49
2016-06-17,0.38,1171.77
2016-06-20,0.38,1156.8
2016-06-21,0.38,1154.35
2016-06-22,0.38,1147.99
2016-06-23,0.39,1143.27
2016-06-24,0.4,1167.56
2016-06-27,0.41,1181.24
2016-06-28,0.41,1169.31
2016-06-29,0.41,1153.09
2016-06-30,0.3,1154.15
2016-07-01,0.41,1146.49
2016-07-04,0.405,1151.6399999999999
2016-07-05,0.4,1156.79
2016-07-06,0.4,1160.59
2016-07-07,0.4,1154.89
2016-07-08,0.4,1148.71
2016-07-11,0.4,1148.97
2016-07-12,0.4,1146.47
2016-07-13,0.4,1145.01
2016-07-14,0.4,1130.65
2016-07-15,0.4,1135.49
2016-07-18,0.4,1134.39
2016-07-19,0.4,1140.56
2016-07-20,0.4,1142.33
2016-07-21,0.4,1137.31
2016-07-22,0.4,1137.49
2016-07-25,0.4,1140.8
2016-07-26,0.4,1137.59
2016-07-27,0.4,1135.09
2016-07-28,0.4,1124.79
2016-07-29,0.3,1112.89
2016-08-01,0.4,1106.15
2016-08-02,0.4,1108.35
2016-08-03,0.4,1116.21
2016-08-04,0.4,1111.99
2016-08-05,0.4,1114.54
2016-08-08,0.4,1108.24
2016-08-09,0.4,1101.45
2016-08-10,0.4,1095.84
2016-08-11,0.4,1097.39
2016-08-12,0.4,1100.79
2016-08-15,0.4,1095.83
2016-08-16,0.4,1093.95
2016-08-17,0.4,1114.25
2016-08-18,0.4,1107.41
2016-08-19,0.4,1116.37
2016-08-22,0.4,1120.93
2016-08-23,0.4,1116.91
2016-08-24,0.4,1121.34
2016-08-25,0.4,1115.23
2016-08-26,0.4,1111.47
2016-08-29,0.4,1121.53
2016-08-30,0.4,1118.27
2016-08-31,0.3,1115.98
2016-09-01,0.4,1116.89
2016-09-02,0.4,1114.87
2016-09-05,0.4,1103.955
2016-09-06,0.4,1093.04
2016-09-07,0.4,1090.03
2016-09-08,0.4,1095.27
2016-09-09,0.4,1106.83
2016-09-12,0.4,1112.03
2016-09-13,0.4,1124.61
2016-09-14,0.4,1123.81
2016-09-15,0.4,1122.83
2016-09-16,0.4,1127.37
2016-09-19,0.4,1117.44
2016-09-20,0.4,1117.34
2016-09-21,0.4,1112.17
2016-09-22,0.4,1100.59
2016-09-23,0.4,1102.21
2016-09-26,0.4,1106.99
2016-09-27,0.4,1099.22
2016-09-28,0.4,1096.73
2016-09-29,0.4,1097.39
2016-09-30,0.29,1097.98
2016-10-03,0.4,1104.79
2016-10-04,0.4,1110.77
2016-10-05,0.4,1114.53
2016-10-06,0.4,1114.53
2016-10-07,0.4,1115.95
2016-10-10,0.405,1120.08
2016-10-11,0.41,1124.21
2016-10-12,0.41,1127.23
2016-10-13,0.41,1133.31
2016-10-14,0.41,1133.13
2016-10-17,0.41,1137.61
2016-10-18,0.41,1123.75
2016-10-19,0.41,1120.01
2016-10-20,0.41,1128.39
2016-10-21,0.41,1137.17
2016-10-24,0.41,1135.4
2016-10-25,0.41,1129.89
2016-10-26,0.41,1134.94
2016-10-27,0.41,1145.85
2016-10-28,0.41,1146.49
2016-10-31,0.31,1145.37
2016-11-01,0.41,1142.68
2016-11-02,0.41,1148.39
2016-11-03,0.41,1142.68
2016-11-04,0.41,1142.68
2016-11-07,0.41,1141.27
2016-11-08,0.41,1131.39
2016-11-09,0.41,1150.64
2016-11-10,0.41,1162.11
2016-11-11,0.41,1166.6799999999998
2016-11-14,0.41,1171.25
2016-11-15,0.41,1170.21
2016-11-16,0.41,1172.41
2016-11-17,0.41,1176.03
2016-11-18,0.41,1177.71
2016-11-21,0.41,1178.51
2016-11-22,0.41,1173.25
2016-11-23,0.41,1181.57
2016-11-24,0.41,1178.28
2016-11-25,0.41,1174.99
2016-11-28,0.41,1170.53
2016-11-29,0.41,1169.99
2016-11-30,0.31,1175.87
2016-12-01,0.41,1167.31
2016-12-02,0.41,1167.7
2016-12-05,0.41,1168.11
2016-12-06,0.41,1171.5
2016-12-07,0.41,1161.67
2016-12-08,0.41,1162.49
2016-12-09,0.41,1171.88
2016-12-12,0.41,1164.37
2016-12-13,0.41,1164.65
2016-12-14,0.41,1165.13
2016-12-15,0.66,1185.35
2016-12-16,0.66,1183.72
2016-12-19,0.66,1187.71
2016-12-20,0.66,1192.13
2016-12-21,0.66,1193.91
2016-12-22,0.66,1204.65
2016-12-23,0.66,1201.51
2016-12-26,0.66,1204.595
2016-12-27,0.66,1207.68
2016-12-28,0.66,1212.22
2016-12-29,0.66,1207.05
2016-12-30,0.55,1203.73
2017-01-02,0.605,1205.48
2017-01-03,0.66,1207.23
2017-01-04,0.66,1198.07
2017-01-05,0.66,1182.46
2017-01-06,0.66,1198.85
2017-01-09,0.66,1200.51
2017-01-10,0.66,1196.96
2017-01-11,0.66,1197.59
2017-01-12,0.66,1170.93
2017-01-13,0.66,1177.81
2017-01-16,0.66,1169.71
2017-01-17,0.66,1161.61
2017-01-18,0.66,1170.73
2017-01-19,0.66,1177.03
2017-01-20,0.66,1171.425
2017-01-23,0.66,1165.82
2017-01-24,0.66,1165.25
2017-01-25,0.66,1164.13
2017-01-26,0.66,1169.61
2017-01-27,0.66,1175.73
2017-01-30,0.66,1171.27
2017-01-31,0.56,1151.45
2017-02-01,0.66,1154.45
2017-02-02,0.66,1139.9
2017-02-03,0.66,1134.65
2017-02-06,0.66,1134.87
2017-02-07,0.66,1142.89
2017-02-08,0.66,1143.25
2017-02-09,0.66,1149.88
2017-02-10,0.66,1146.78
2017-02-13,0.66,1150.16
2017-02-14,0.66,1139.33
2017-02-15,0.66,1136.46
2017-02-16,0.66,1140.57
2017-02-17,0.66,1150.73
2017-02-20,0.66,1147.18
2017-02-21,0.66,1143.63
2017-02-22,0.66,1142.15
2017-02-23,0.66,1129.84
2017-02-24,0.66,1130.41
2017-02-27,0.66,1130.14
2017-02-28,0.57,1129.17
2017-03-01,0.66,1140.75
2017-03-02,0.66,1146.9
2017-03-03,0.66,1156.77
2017-03-06,0.66,1154.36
2017-03-07,0.66,1149.87
2017-03-08,0.66,1154.69
2017-03-09,0.66,1158.12
2017-03-10,0.66,1150.37
2017-03-13,0.66,1150.37
2017-03-14,0.66,1148.54
2017-03-15,0.66,1144.16
2017-03-16,0.91,1148.54
2017-03-17,0.91,1128.67
2017-03-20,0.91,1112.29
2017-03-21,0.91,1118.23
2017-03-22,0.91,1117.91
2017-03-23,0.91,1117.91
2017-03-24,0.91,1116.69
2017-03-27,0.91,1108.3
2017-03-28,0.91,1111.51
2017-03-29,0.91,1112.28
2017-03-30,0.91,1114.11
2017-03-31,0.82,1117.48
2017-04-03,0.91,1117.65
2017-04-04,0.91,1122.61
2017-04-05,0.91,1126.58
2017-04-06,0.91,1131.21
2017-04-07,0.91,1133.89
2017-04-10,0.91,1141.24
2017-04-11,0.91,1147.77
2017-04-12,0.91,1138.83
2017-04-13,0.91,1133.32
2017-04-14,0.91,1136.67
2017-04-17,0.91,1134.25
2017-04-18,0.91,1143.89
2017-04-19,0.91,1142.37
2017-04-20,0.91,1136.29
2017-04-21,0.91,1134.22
2017-04-24,0.91,1132.19
2017-04-25,0.91,1126.54
2017-04-26,0.91,1133.17
2017-04-27,0.91,1133.83
2017-04-28,0.83,1136.99
2017-05-01,0.91,1134.87
2017-05-02,0.91,1129.16
2017-05-03,0.91,1131.25
2017-05-04,0.91,1134.2
2017-05-05,0.91,1136.49
2017-05-08,0.91,1132.91
2017-05-09,0.91,1134.84
2017-05-10,0.91,1132.13
2017-05-11,0.91,1127.51
2017-05-12,0.91,1121.68
2017-05-15,0.91,1115.01
2017-05-16,0.91,1115.0
2017-05-17,0.91,1118.67
2017-05-18,0.91,1129.17
2017-05-19,0.91,1116.71
2017-05-22,0.91,1114.71
2017-05-23,0.91,1125.02
2017-05-24,0.91,1122.83
2017-05-25,0.91,1119.71
2017-05-26,0.91,1118.67
2017-05-29,0.91,1120.77
2017-05-30,0.91,1122.87
2017-05-31,0.83,1119.58
2017-06-01,0.91,1120.85
2017-06-02,0.91,1117.49
2017-06-05,0.91,1118.44
2017-06-06,0.91,1118.53
2017-06-07,0.91,1124.16
2017-06-08,0.91,1122.73
2017-06-09,0.91,1123.51
2017-06-12,0.91,1130.55
2017-06-13,0.91,1127.79
2017-06-14,0.91,1116.45
2017-06-15,1.16,1129.91
2017-06-16,1.16,1133.2
2017-06-19,1.16,1134.69
2017-06-20,1.16,1141.33
2017-06-21,1.16,1143.01
2017-06-22,1.16,1143.01
2017-06-23,1.16,1132.99
2017-06-26,1.16,1132.48
2017-06-27,1.16,1137.77
2017-06-28,1.16,1141.91
2017-06-29,1.16,1144.07
2017-06-30,1.06,1143.75
2017-07-03,1.16,1149.26
2017-07-04,1.16,1151.1599999999999
2017-07-05,1.16,1153.06
2017-07-06,1.16,1156.55
2017-07-07,1.16,1153.85
2017-07-10,1.16,1149.35
2017-07-11,1.16,1149.83
2017-07-12,1.16,1138.32
2017-07-13,1.16,1137.22
2017-07-14,1.16,1127.79
2017-07-17,1.16,1127.74
2017-07-18,1.16,1123.69
2017-07-19,1.16,1122.92
2017-07-20,1.16,1120.77
2017-07-21,1.16,1117.47
2017-07-24,1.16,1113.82
2017-07-25,1.16,1117.02
2017-07-26,1.16,1117.76
2017-07-27,1.16,1115.15
2017-07-28,1.16,1121.49
2017-07-31,1.07,1121.86
2017-08-01,1.16,1121.09
2017-08-02,1.16,1121.55
2017-08-03,1.16,1127.73
2017-08-04,1.16,1128.02
2017-08-07,1.16,1127.39
2017-08-08,1.16,1125.6
2017-08-09,1.16,1138.69
2017-08-10,1.16,1144.36
2017-08-11,1.16,1141.57
2017-08-14,1.16,1137.22
2017-08-15,1.16,1135.47
2017-08-16,1.16,1137.75
2017-08-17,1.16,1138.23
2017-08-18,1.16,1139.83
2017-08-21,1.16,1137.14
2017-08-22,1.16,1131.79
2017-08-23,1.16,1128.59
2017-08-24,1.16,1127.8
2017-08-25,1.16,1121.73
2017-08-28,1.16,1117.75
2017-08-29,1.16,1122.5
2017-08-30,1.16,1122.05
2017-08-31,1.07,1122.36
2017-09-01,1.16,1119.12
2017-09-04,1.16,1124.565
2017-09-05,1.16,1130.01
2017-09-06,1.16,1132.49
2017-09-07,1.16,1125.49
2017-09-08,1.16,1133.08
2017-09-11,1.16,1129.75
2017-09-12,1.16,1126.56
2017-09-13,1.16,1129.37
2017-09-14,1.16,1132.59
2017-09-15,1.16,1130.68
2017-09-18,1.16,1127.07
2017-09-19,1.16,1128.83
2017-09-20,1.16,1125.53
2017-09-21,1.16,1130.87
2017-09-22,1.16,1130.39
2017-09-25,1.16,1134.59
2017-09-26,1.16,1136.29
2017-09-27,1.16,1141.62
2017-09-28,1.16,1145.08
2017-09-29,1.06,1142.57
2017-10-02,1.16,1146.18
2017-10-03,1.16,1140.5
2017-10-04,1.16,1140.44
2017-10-05,1.16,1139.03
2017-10-06,1.16,1143.46
2017-10-09,1.16,1137.77
2017-10-10,1.16,1132.08
2017-10-11,1.16,1131.04
2017-10-12,1.16,1129.71
2017-10-13,1.16,1125.01
2017-10-16,1.16,1127.72
2017-10-17,1.16,1129.86
2017-10-18,1.16,1130.94
2017-10-19,1.16,1129.06
2017-10-20,1.16,1130.69
2017-10-23,1.16,1129.73
2017-10-24,1.16,1128.36
2017-10-25,1.16,1126.49
2017-10-26,1.16,1123.0
2017-10-27,1.16,1124.79
2017-10-30,1.16,1124.79
2017-10-31,1.07,1115.68
2017-11-01,1.16,1110.03
2017-11-02,1.16,1111.54
2017-11-03,1.16,1114.86
2017-11-06,1.16,1110.09
2017-11-07,1.16,1113.1
2017-11-08,1.16,1111.14
2017-11-09,1.16,1118.13
2017-11-10,1.16,1119.045
2017-11-13,1.16,1119.96
2017-11-14,1.16,1113.65
2017-11-15,1.16,1103.9
2017-11-16,1.16,1094.49
2017-11-17,1.16,1093.15
2017-11-20,1.16,1093.15
2017-11-21,1.16,1088.1
2017-11-22,1.16,1085.66
2017-11-23,1.16,1084.125
2017-11-24,1.16,1082.59
2017-11-27,1.16,1088.36
2017-11-28,1.16,1079.87
2017-11-29,1.16,1079.33
2017-11-30,1.07,1084.79
2017-12-01,1.16,1082.36
2017-12-04,1.16,1082.36
2017-12-05,1.16,1086.85
2017-12-06,1.16,1094.55
2017-12-07,1.16,1090.68
2017-12-08,1.16,1092.03
2017-12-11,1.16,1092.03
2017-12-12,1.17,1090.09
2017-12-13,1.17,1088.01
2017-12-14,1.41,1088.09
2017-12-15,1.41,1086.39
2017-12-18,1.42,1084.28
2017-12-19,1.42,1084.29
2017-12-20,1.42,1078.14
2017-12-21,1.42,1078.08
2017-12-22,1.42,1076.87
2017-12-25,1.42,1075.31
2017-12-26,1.42,1073.75
2017-12-27,1.42,1073.13
2017-12-28,1.42,1068.64
2017-12-29,1.33,1067.42
2018-01-01,1.375,1063.4050000000002
2018-01-02,1.42,1059.39
2018-01-03,1.42,1063.11
2018-01-04,1.42,1061.5
2018-01-05,1.42,1060.07
2018-01-08,1.42,1066.26
2018-01-09,1.42,1068.8
2018-01-10,1.42,1067.55
2018-01-11,1.42,1062.67
2018-01-12,1.42,1062.09
2018-01-15,1.42,1063.1399999999999
2018-01-16,1.42,1064.19
2018-01-17,1.42,1066.72
2018-01-18,1.42,1069.35
2018-01-19,1.42,1065.81
2018-01-22,1.42,1068.06
2018-01-23,1.42,1072.59
2018-01-24,1.42,1065.39
2018-01-25,1.42,1057.57
2018-01-26,1.42,1064.12
2018-01-29,1.42,1071.28
2018-01-30,1.42,1073.61
2018-01-31,1.34,1068.33
2018-02-01,1.42,1069.33
2018-02-02,1.42,1086.21
2018-02-05,1.42,1086.79
2018-02-06,1.42,1081.2
2018-02-07,1.42,1082.56
2018-02-08,1.42,1093.04
2018-02-09,1.42,1087.99
2018-02-12,1.42,1082.27
2018-02-13,1.42,1083.07
2018-02-14,1.42,1076.71
2018-02-15,1.42,1065.69
2018-02-16,1.42,1065.27
2018-02-19,1.42,1069.06
2018-02-20,1.42,1072.85
2018-02-21,1.42,1076.11
2018-02-22,1.42,1077.61
2018-02-23,1.42,1075.77
2018-02-26,1.42,1069.0
2018-02-27,1.42,1077.43
2018-02-28,1.35,1082.12
2018-03-01,1.42,1081.33
2018-03-02,1.42,1080.25
2018-03-05,1.42,1076.75
2018-03-06,1.42,1061.53
2018-03-07,1.42,1067.93
2018-03-08,1.42,1074.21
2018-03-09,1.42,1066.59
2018-03-12,1.42,1063.7
2018-03-13,1.42,1062.14
2018-03-14,1.42,1063.38
2018-03-15,1.43,1065.89
2018-03-16,1.43,1068.4
2018-03-19,1.43,1072.29
2018-03-20,1.44,1070.61
2018-03-21,1.44,1070.51
2018-03-22,1.68,1079.51
2018-03-23,1.68,1081.29
2018-03-26,1.68,1076.87
2018-03-27,1.68,1071.21
2018-03-28,1.68,1063.03
2018-03-29,1.68,1060.31
2018-03-30,1.67,1060.99
2018-04-02,1.68,1056.03
2018-04-03,1.69,1054.63
2018-04-04,1.69,1059.5
2018-04-05,1.69,1061.56
2018-04-06,1.69,1068.73
2018-04-09,1.69,1067.11
2018-04-10,1.69,1064.53
2018-04-11,1.69,1066.76
2018-04-12,1.69,1069.84
2018-04-13,1.69,1070.55
2018-04-16,1.69,1071.59
2018-04-17,1.69,1066.56
2018-04-18,1.69,1064.51
2018-04-19,1.69,1065.68
2018-04-20,1.7,1071.0
2018-04-23,1.7,1077.72
2018-04-24,1.7,1074.8
2018-04-25,1.7,1082.99
2018-04-26,1.7,1078.2
2018-04-27,1.7,1067.59
2018-04-30,1.69,1069.07
2018-05-01,1.7,1071.91
2018-05-02,1.7,1076.52
2018-05-03,1.7,1078.33
2018-05-04,1.7,1074.09
2018-05-07,1.7,1079.72
2018-05-08,1.7,1078.35
2018-05-09,1.7,1078.22
2018-05-10,1.7,1065.41
2018-05-11,1.7,1067.14
2018-05-14,1.7,1068.83
2018-05-15,1.7,1076.46
2018-05-16,1.7,1076.66
2018-05-17,1.7,1082.37
2018-05-18,1.7,1080.91
2018-05-21,1.7,1079.33
2018-05-22,1.7,1073.3
2018-05-23,1.7,1078.88
2018-05-24,1.7,1082.77
2018-05-25,1.7,1076.35
2018-05-28,1.7,1079.4699999999998
2018-05-29,1.7,1082.59
2018-05-30,1.7,1077.62
2018-05-31,1.7,1080.75
2018-06-01,1.7,1071.27
2018-06-04,1.7,1070.13
2018-06-05,1.7,1071.86
2018-06-06,1.7,1065.9
2018-06-07,1.7,1071.11
2018-06-08,1.7,1075.0
2018-06-11,1.7,1075.08
2018-06-12,1.7,1077.14
2018-06-13,1.7,1082.59
2018-06-14,1.9,1084.06
2018-06-15,1.9,1101.89
2018-06-18,1.9,1105.07
2018-06-19,1.91,1110.64
2018-06-20,1.92,1107.42
2018-06-21,1.92,1110.01
2018-06-22,1.92,1114.49
2018-06-25,1.92,1114.4
2018-06-26,1.92,1118.08
2018-06-27,1.91,1121.57
2018-06-28,1.91,1121.96
2018-06-29,1.91,1111.79
2018-07-02,1.91,1119.31
2018-07-03,1.91,1114.41
2018-07-04,1.91,1116.305
2018-07-05,1.91,1118.2
2018-07-06,1.91,1114.98
2018-07-09,1.91,1111.38
2018-07-10,1.91,1113.81
2018-07-11,1.91,1122.1
2018-07-12,1.91,1121.38
2018-07-13,1.91,1130.3
2018-07-16,1.91,1127.81
2018-07-17,1.91,1125.63
2018-07-18,1.91,1130.76
2018-07-19,1.91,1136.38
2018-07-20,1.91,1128.16
2018-07-23,1.91,1134.45
2018-07-24,1.91,1127.39
2018-07-25,1.91,1122.59
2018-07-26,1.91,1121.72
2018-07-27,1.91,1115.77
2018-07-30,1.91,1116.98
2018-07-31,1.91,1112.75
2018-08-01,1.91,1118.15
2018-08-02,1.91,1126.91
2018-08-03,1.91,1122.68
2018-08-06,1.91,1125.9
2018-08-07,1.91,1118.0
2018-08-08,1.91,1119.01
2018-08-09,1.91,1119.0
2018-08-10,1.91,1130.19
2018-08-13,1.91,1133.19
2018-08-14,1.91,1128.9
2018-08-15,1.91,1135.3
2018-08-16,1.92,1125.35
2018-08-17,1.92,1123.2
2018-08-20,1.92,1121.3
2018-08-21,1.92,1117.41
2018-08-22,1.92,1117.0
2018-08-23,1.92,1123.37
2018-08-24,1.92,1113.3
2018-08-27,1.92,1107.69
2018-08-28,1.92,1105.14
2018-08-29,1.92,1109.2
2018-08-30,1.92,1113.13
2018-08-31,1.91,1116.5
2018-09-03,1.915,1117.0
2018-09-04,1.92,1117.5
2018-09-05,1.92,1121.0
2018-09-06,1.92,1122.4
2018-09-07,1.92,1123.5
2018-09-10,1.92,1127.9
2018-09-11,1.92,1126.17
2018-09-12,1.92,1121.62
2018-09-13,1.92,1120.9
2018-09-14,1.92,1119.0
2018-09-17,1.92,1124.71
2018-09-18,1.92,1122.18
2018-09-19,1.92,1120.61
2018-09-20,1.92,1119.58
2018-09-21,1.92,1114.3
2018-09-24,1.93,1119.28
2018-09-25,1.93,1118.12
2018-09-26,1.93,1114.64
2018-09-27,2.18,1113.41
2018-09-28,2.18,1109.76
2018-10-01,2.18,1112.53
2018-10-02,2.18,1112.43
2018-10-03,2.18,1121.42
2018-10-04,2.18,1130.78
2018-10-05,2.18,1131.25
2018-10-08,2.18,1132.06
2018-10-09,2.18,1132.87
2018-10-10,2.18,1138.9
2018-10-11,2.18,1134.16
2018-10-12,2.18,1130.82
2018-10-15,2.18,1129.3
2018-10-16,2.18,1123.88
2018-10-17,2.19,1126.2
2018-10-18,2.19,1138.06
2018-10-19,2.19,1131.13
2018-10-22,2.19,1132.7
2018-10-23,2.2,1137.53
2018-10-24,2.2,1136.66
2018-10-25,2.2,1134.9
2018-10-26,2.2,1141.74
2018-10-29,2.2,1139.81
2018-10-30,2.2,1137.68
2018-10-31,2.2,1140.78
2018-11-01,2.2,1126.19
2018-11-02,2.19,1117.72
2018-11-05,2.2,1122.13
2018-11-06,2.2,1121.31
2018-11-07,2.2,1117.52
2018-11-08,2.2,1118.99
2018-11-09,2.19,1131.4
2018-11-12,2.1950000000000003,1131.845
2018-11-13,2.2,1132.29
2018-11-14,2.2,1132.1
2018-11-15,2.2,1127.2
2018-11-16,2.2,1124.81
2018-11-19,2.2,1126.08
2018-11-20,2.2,1128.53
2018-11-21,2.2,1127.3
2018-11-22,2.2,1129.1
2018-11-23,2.2,1130.9
2018-11-26,2.2,1126.69
2018-11-27,2.2,1129.41
2018-11-28,2.2,1127.81
2018-11-29,2.2,1119.91
2018-11-30,2.2,1118.61
2018-12-03,2.19,1110.2
2018-12-04,2.2,1108.82
2018-12-05,2.2,1115.445
2018-12-06,2.2,1122.07
2018-12-07,2.19,1121.8
2018-12-10,2.2,1128.3
2018-12-11,2.19,1128.6
2018-12-12,2.19,1124.51
2018-12-13,2.19,1124.73
2018-12-14,2.19,1133.2
2018-12-17,2.2,1130.17
2018-12-18,2.2,1127.76
2018-12-19,2.2,1120.96
2018-12-20,2.4,1123.87
2018-12-21,2.4,1125.3
2018-12-24,2.4,1124.9433333333334
2018-12-25,2.4,1124.5866666666666
2018-12-26,2.4,1124.23
2018-12-27,2.4,1121.37
2018-12-28,2.4,1114.9
2018-12-31,2.4,1112.85
2019-01-01,2.4,1115.98
2019-01-02,2.4,1119.11
2019-01-03,2.4,1124.64
2019-01-04,2.4,1116.73
2019-01-07,2.4,1117.5
2019-01-08,2.4,1122.93
2019-01-09,2.4,1117.7
2019-01-10,2.4,1116.1
2019-01-11,2.4,1117.18
2019-01-14,2.4,1119.885
2019-01-15,2.4,1122.59
2019-01-16,2.4,1119.1
2019-01-17,2.4,1123.34
2019-01-18,2.4,1122.8
2019-01-21,2.4,1126.1599999999999
2019-01-22,2.4,1129.52
2019-01-23,2.4,1127.89
2019-01-24,2.4,1126.33
2019-01-25,2.4,1117.58
2019-01-28,2.4,1118.7
2019-01-29,2.4,1117.75
2019-01-30,2.4,1117.29
2019-01-31,2.4,1111.82
2019-02-01,2.4,1118.31
2019-02-04,2.4,1119.15
2019-02-05,2.4,1117.2
2019-02-06,2.4,1119.35
2019-02-07,2.4,1124.11
2019-02-08,2.4,1123.14
2019-02-11,2.4,1126.05
2019-02-12,2.4,1122.27
2019-02-13,2.4,1123.32
2019-02-14,2.4,1128.0
2019-02-15,2.4,1125.59
2019-02-18,2.4,1125.065
2019-02-19,2.4,1124.54
2019-02-20,2.4,1125.0349999999999
2019-02-21,2.4,1125.53
2019-02-22,2.4,1121.07
2019-02-25,2.4,1116.1
2019-02-26,2.4,1116.88
2019-02-27,2.4,1117.74
2019-02-28,2.4,1124.65
2019-03-01,2.4,1126.76
2019-03-04,2.4,1126.73
2019-03-05,2.4,1126.46
2019-03-06,2.4,1127.18
2019-03-07,2.4,1133.18
2019-03-08,2.4,1131.74
2019-03-11,2.4,1133.05
2019-03-12,2.4,1127.89
2019-03-13,2.4,1130.47
2019-03-14,2.4,1135.05
2019-03-15,2.4,1134.44
2019-03-18,2.4,1131.74
2019-03-19,2.4,1129.0
2019-03-20,2.41,1128.25
2019-03-21,2.41,1128.4
2019-03-22,2.41,1136.8
2019-03-25,2.4,1131.88
2019-03-26,2.4,1133.55
2019-03-27,2.41,1138.09
2019-03-28,2.41,1136.65
2019-03-29,2.43,1136.3
2019-04-01,2.41,1133.0
2019-04-02,2.41,1137.16
2019-04-03,2.41,1134.29
2019-04-04,2.41,1136.05
2019-04-05,2.41,1136.87
2019-04-08,2.41,1143.25
2019-04-09,2.41,1140.25
2019-04-10,2.41,1137.26
2019-04-11,2.41,1140.73
2019-04-12,2.41,1133.0
2019-04-15,2.41,1133.6
2019-04-16,2.41,1136.13
2019-04-17,2.42,1131.7
2019-04-18,2.43,1136.2
2019-04-19,2.44,1135.4
2019-04-22,2.44,1140.52
2019-04-23,2.44,1143.22
2019-04-24,2.44,1155.65
2019-04-25,2.44,1160.15
2019-04-26,2.44,1158.1
2019-04-29,2.45,1160.0
2019-04-30,2.45,1165.1
2019-05-01,2.45,1161.61
2019-05-02,2.41,1166.62
2019-05-03,2.4,1165.95
2019-05-06,2.4,1169.2
2019-05-07,2.4,1172.5
2019-05-08,2.39,1170.2
2019-05-09,2.38,1183.1
2019-05-10,2.38,1176.62
2019-05-13,2.38,1186.94
2019-05-14,2.38,1186.94
2019-05-15,2.4,1188.74
2019-05-16,2.39,1190.52
2019-05-17,2.39,1195.07
2019-05-20,2.39,1193.81
2019-05-21,2.39,1194.31
2019-05-22,2.38,1194.36
2019-05-23,2.38,1189.31
2019-05-24,2.38,1186.2
2019-05-27,2.385,1186.43
2019-05-28,2.39,1186.66
2019-05-29,2.39,1186.66
2019-05-30,2.39,1189.14
2019-05-31,2.4,1190.5
2019-06-03,2.38,1180.97
2019-06-04,2.38,1180.58
2019-06-05,2.38,1178.24
2019-06-06,2.37,1179.51
2019-06-07,2.37,1181.27
2019-06-10,2.37,1185.01
2019-06-11,2.37,1178.88
2019-06-12,2.37,1182.82
2019-06-13,2.37,1183.23
2019-06-14,2.36,1184.7
2019-06-17,2.38,1186.53
2019-06-18,2.37,1185.37
2019-06-19,2.37,1185.37
2019-06-20,2.37,1159.05
2019-06-21,2.38,1163.25
2019-06-24,2.38,1156.14
2019-06-25,2.38,1155.97
2019-06-26,2.38,1156.36
2019-06-27,2.38,1157.86
2019-06-28,2.4,1154.58
2019-07-01,2.39,1158.5
2019-07-02,2.4,1166.31
2019-07-03,2.41,1171.14
2019-07-04,2.415,1170.7
2019-07-05,2.42,1170.26
2019-07-08,2.41,1181.31
2019-07-09,2.41,1180.2
2019-07-10,2.41,1181.58
2019-07-11,2.4,1173.35
2019-07-12,2.38,1178.71
2019-07-15,2.4,1179.04
2019-07-16,2.41,1177.31
2019-07-17,2.41,1181.09
2019-07-18,2.41,1178.29
2019-07-19,2.41,1173.92
2019-07-22,2.4,1178.17
2019-07-23,2.4,1178.72
2019-07-24,2.4,1177.54
2019-07-25,2.4,1181.17
2019-07-26,2.4,1184.51
2019-07-29,2.4,1183.36
2019-07-30,2.39,1181.94
2019-07-31,2.4,1182.74
2019-08-01,2.14,1187.0
2019-08-02,2.14,1196.59
2019-08-05,2.13,1215.5
2019-08-06,2.13,1214.83
2019-08-07,2.12,1214.46
2019-08-08,2.12,1208.77
2019-08-09,2.12,1214.15
2019-08-12,2.12,1215.7
2019-08-13,2.12,1220.7
2019-08-14,2.12,1212.44
2019-08-15,2.13,1214.34
2019-08-16,2.13,1205.75
2019-08-19,2.13,1210.6
2019-08-20,2.13,1207.93
2019-08-21,2.12,1202.0
2019-08-22,2.12,1206.96
2019-08-23,2.12,1210.5
2019-08-26,2.12,1217.51
2019-08-27,2.12,1211.38
2019-08-28,2.12,1213.75
2019-08-29,2.12,1216.14
2019-08-30,2.13,1211.32
2019-09-02,2.13,1211.88
2019-09-03,2.13,1212.44
2019-09-04,2.13,1207.84
2019-09-05,2.13,1200.18
2019-09-06,2.12,1196.81
2019-09-09,2.13,1192.33
2019-09-10,2.13,1191.22
2019-09-11,2.13,1191.51
2019-09-12,2.13,1180.7
2019-09-13,2.14,1176.62
2019-09-16,2.25,1182.96
2019-09-17,2.3,1186.1
2019-09-18,2.25,1191.51
2019-09-19,1.9,1193.87
2019-09-20,1.9,1188.16
2019-09-23,1.9,1195.48
2019-09-24,1.9,1196.52
2019-09-25,1.9,1200.17
2019-09-26,1.85,1201.99
2019-09-27,1.83,1200.03
2019-09-30,1.9,1195.85
2019-10-01,1.88,1198.96
2019-10-02,1.85,1205.47
2019-10-03,1.83,1204.67
2019-10-04,1.82,1192.93
2019-10-07,1.82,1196.49
2019-10-08,1.82,1193.24
2019-10-09,1.82,1197.29
2019-10-10,1.82,1190.06
2019-10-11,1.82,1195.61
2019-10-14,1.8599999999999999,1190.1399999999999
2019-10-15,1.9,1184.67
2019-10-16,1.9,1186.38
2019-10-17,1.85,1179.05
2019-10-18,1.85,1181.06
2019-10-21,1.85,1172.57
2019-10-22,1.85,1170.49
2019-10-23,1.85,1172.07
2019-10-24,1.85,1173.19
2019-10-25,1.83,1171.58
2019-10-28,1.83,1170.17
2019-10-29,1.82,1163.03
2019-10-30,1.82,1167.76
2019-10-31,1.58,1169.1
2019-11-01,1.57,1165.45
2019-11-04,1.56,1159.29
2019-11-05,1.56,1157.64
2019-11-06,1.55,1156.73
2019-11-07,1.55,1154.44
2019-11-08,1.55,1157.14
2019-11-11,1.55,1158.97
2019-11-12,1.55,1160.8
2019-11-13,1.55,1167.76
2019-11-14,1.55,1169.82
2019-11-15,1.55,1166.98
2019-11-18,1.55,1163.76
2019-11-19,1.55,1167.13
2019-11-20,1.55,1169.8
2019-11-21,1.55,1175.71
2019-11-22,1.55,1179.33
2019-11-25,1.55,1173.09
2019-11-26,1.55,1175.59
2019-11-27,1.55,1176.89
2019-11-28,1.5550000000000002,1179.1100000000001
2019-11-29,1.56,1181.33
2019-12-02,1.56,1182.84
2019-12-03,1.55,1190.31
2019-12-04,1.55,1194.45
2019-12-05,1.55,1189.23
2019-12-06,1.55,1189.86
2019-12-09,1.55,1189.45
2019-12-10,1.55,1191.01
2019-12-11,1.55,1192.2
2019-12-12,1.55,1186.41
2019-12-13,1.55,1171.97
2019-12-16,1.56,1171.8
2019-12-17,1.55,1165.81
2019-12-18,1.55,1168.02
2019-12-19,1.55,1165.04
2019-12-20,1.55,1160.3
2019-12-23,1.55,1163.64
2019-12-24,1.55,1163.21
2019-12-25,1.55,1162.1950000000002
2019-12-26,1.55,1161.18
2019-12-27,1.55,1160.87
2019-12-30,1.55,1155.75
2019-12-31,1.55,1155.46
2020-01-01,1.55,1156.705
2020-01-02,1.55,1157.95
2020-01-03,1.55,1165.15
2020-01-06,1.55,1167.49
2020-01-07,1.55,1166.21
2020-01-08,1.55,1170.61
2020-01-09,1.55,1158.63
2020-01-10,1.54,1161.18
2020-01-13,1.54,1156.25
2020-01-14,1.54,1156.28
2020-01-15,1.54,1156.84
2020-01-16,1.54,1160.86
2020-01-17,1.55,1159.08
2020-01-20,1.55,1162.82
2020-01-21,1.55,1166.56
2020-01-22,1.55,1165.68
2020-01-23,1.55,1168.38
2020-01-24,1.55,1166.91
2020-01-27,1.55,1176.2
2020-01-28,1.55,1176.23
2020-01-29,1.55,1176.98
2020-01-30,1.6,1191.94
2020-01-31,1.59,1191.3
2020-02-03,1.59,1194.8
2020-02-04,1.59,1184.51
2020-02-05,1.59,1187.25
2020-02-06,1.59,1179.64
2020-02-07,1.58,1186.24
2020-02-10,1.58,1186.96
2020-02-11,1.58,1181.32
2020-02-12,1.58,1178.98
2020-02-13,1.58,1182.02
2020-02-14,1.58,1183.2
2020-02-17,1.585,1186.9
2020-02-18,1.59,1190.6
2020-02-19,1.59,1191.1
2020-02-20,1.59,1198.34
2020-02-21,1.58,1207.91
2020-02-24,1.58,1218.5
2020-02-25,1.58,1214.45
2020-02-26,1.58,1213.61
2020-02-27,1.58,1217.03
2020-02-28,1.58,1214.92
2020-03-02,1.59,1190.89
2020-03-03,1.59,1194.66
2020-03-04,1.09,1187.54
2020-03-05,1.09,1181.11
2020-03-06,1.09,1192.0
2020-03-09,1.09,1203.75
2020-03-10,1.09,1193.1
2020-03-11,1.09,1194.16
2020-03-12,1.1,1206.19
2020-03-13,1.1,1211.7
2020-03-16,0.25,1225.33
2020-03-17,0.25,1240.98
2020-03-18,0.25,1245.19
2020-03-19,0.2,1250.86
2020-03-20,0.15,1250.55
2020-03-23,0.15,1267.25
2020-03-24,0.12,1249.88
2020-03-25,0.1,1228.15
2020-03-26,0.1,1233.47
2020-03-27,0.1,1210.49
2020-03-30,0.09,1224.11
2020-03-31,0.08,1218.92
2020-04-01,0.06,1229.65
2020-04-02,0.05,1229.89
2020-04-03,0.05,1230.56
2020-04-06,0.05,1224.6
2020-04-07,0.05,1220.43
2020-04-08,0.05,1220.77
2020-04-09,0.05,1219.71
2020-04-10,0.05,1211.71
2020-04-13,0.05,1217.72
2020-04-14,0.05,1216.85
2020-04-15,0.05,1224.55
2020-04-16,0.05,1228.21
2020-04-17,0.05,1217.81
2020-04-20,0.05,1217.29
2020-04-21,0.05,1229.28
2020-04-22,0.05,1234.79
2020-04-23,0.04,1229.04
2020-04-24,0.05,1233.88
2020-04-27,0.04,1224.16
2020-04-28,0.04,1224.83
2020-04-29,0.04,1219.2
2020-04-30,0.05,1203.95
2020-05-01,0.05,1223.2
2020-05-04,0.05,1228.81
2020-05-05,0.05,1220.13
2020-05-06,0.05,1222.03
2020-05-07,0.05,1224.76
2020-05-08,0.05,1216.47
2020-05-11,0.05,1220.2
2020-05-12,0.05,1222.0
2020-05-13,0.05,1223.86
2020-05-14,0.05,1227.76
2020-05-15,0.05,1230.71
2020-05-18,0.05,1232.32
2020-05-19,0.05,1225.19
2020-05-20,0.05,1230.02
2020-05-21,0.05,1230.53
2020-05-22,0.05,1236.53
2020-05-25,0.05,1235.385
2020-05-26,0.05,1234.24
2020-05-27,0.05,1238.03
2020-05-28,0.05,1239.28
2020-05-29,0.05,1236.61
2020-06-01,0.05,1224.79
2020-06-02,0.06,1225.07
2020-06-03,0.06,1216.08
2020-06-04,0.06,1218.77
2020-06-05,0.07,1202.79
2020-06-08,0.07,1197.84
2020-06-09,0.07,1197.04
2020-06-10,0.08,1189.9
2020-06-11,0.08,1196.34
2020-06-12,0.08,1204.52
2020-06-15,0.09,1212.21
2020-06-16,0.09,1207.26
2020-06-17,0.09,1215.02
2020-06-18,0.09,1211.65
2020-06-19,0.09,1208.38
2020-06-22,0.08,1210.73
2020-06-23,0.08,1206.43
2020-06-24,0.08,1199.55
2020-06-25,0.08,1203.59
2020-06-26,0.08,1203.44
2020-06-29,0.08,1200.91
2020-06-30,0.08,1200.5
2020-07-01,0.08,1201.84
2020-07-02,0.09,1199.84
2020-07-03,0.09,1196.25
2020-07-06,0.09,1192.66
2020-07-07,0.09,1194.43
2020-07-08,0.09,1194.63
2020-07-09,0.09,1197.84
2020-07-10,0.09,1204.34
2020-07-13,0.09,1200.13
2020-07-14,0.09,1205.24
2020-07-15,0.1,1201.97
2020-07-16,0.1,1202.97
2020-07-17,0.09,1203.86
2020-07-20,0.1,1202.26
2020-07-21,0.1,1194.64
2020-07-22,0.09,1194.83
2020-07-23,0.09,1198.91
2020-07-24,0.09,1203.17
2020-07-27,0.1,1195.94
2020-07-28,0.1,1198.15
2020-07-29,0.1,1192.98
2020-07-30,0.1,1196.3
2020-07-31,0.1,1192.68
2020-08-03,0.1,1194.31
2020-08-04,0.1,1194.53
2020-08-05,0.1,1188.93
2020-08-06,0.1,1185.29
2020-08-07,0.1,1189.25
2020-08-10,0.1,1186.28
2020-08-11,0.1,1184.84
2020-08-12,0.1,1184.09
2020-08-13,0.1,1183.25
2020-08-14,0.1,1186.53
2020-08-17,0.1,1184.17
2020-08-18,0.09,1184.74
2020-08-19,0.09,1181.06
2020-08-20,0.09,1187.66
2020-08-21,0.09,1191.84
2020-08-24,0.09,1189.11
2020-08-25,0.09,1188.18
2020-08-26,0.09,1185.6
2020-08-27,0.08,1185.22
2020-08-28,0.09,1181.62
2020-08-31,0.09,1187.48
2020-09-01,0.09,1182.94
2020-09-02,0.09,1189.98
2020-09-03,0.09,1188.04
2020-09-04,0.09,1190.6
2020-09-07,0.09,1189.645
2020-09-08,0.09,1188.69
2020-09-09,0.09,1185.12
2020-09-10,0.09,1184.41
2020-09-11,0.09,1186.55
2020-09-14,0.09,1181.27
2020-09-15,0.09,1179.99
2020-09-16,0.09,1176.0
2020-09-17,0.09,1174.25
2020-09-18,0.09,1163.2
2020-09-21,0.09,1166.75
2020-09-22,0.09,1164.83
2020-09-23,0.09,1164.56
2020-09-24,0.09,1170.49
2020-09-25,0.09,1172.71
2020-09-28,0.09,1168.08
2020-09-29,0.09,1169.67
2020-09-30,0.09,1165.97
2020-10-01,0.09,1163.05
2020-10-02,0.09,1166.08
2020-10-05,0.09,1157.77
2020-10-06,0.09,1162.0
2020-10-07,0.09,1158.41
2020-10-08,0.09,1152.44
2020-10-09,0.09,1143.46
2020-10-12,0.09,1145.43
2020-10-13,0.09,1147.4
2020-10-14,0.09,1146.58
2020-10-15,0.09,1143.03
2020-10-16,0.09,1146.82
2020-10-19,0.09,1141.76
2020-10-20,0.09,1138.65
2020-10-21,0.09,1132.11
2020-10-22,0.09,1135.26
2020-10-23,0.09,1129.77
2020-10-26,0.09,1127.77
2020-10-27,0.09,1127.9
2020-10-28,0.09,1133.76
2020-10-29,0.09,1131.12
2020-10-30,0.09,1133.99
2020-11-02,0.09,1134.62
2020-11-03,0.09,1134.3
2020-11-04,0.09,1137.37
2020-11-05,0.09,1122.96
2020-11-06,0.09,1121.0
2020-11-09,0.09,1113.14
2020-11-10,0.09,1117.63
2020-11-11,0.09,1115.29
2020-11-12,0.09,1112.95
2020-11-13,0.09,1109.47
2020-11-16,0.09,1106.88
2020-11-17,0.09,1105.33
2020-11-18,0.09,1105.72
2020-11-19,0.08,1114.93
2020-11-20,0.08,1114.48
2020-11-23,0.08,1115.42
2020-11-24,0.08,1110.93
2020-11-25,0.08,1106.84
2020-11-26,0.08,1106.49
2020-11-27,0.08,1106.1399999999999
2020-11-30,0.09,1105.79
2020-12-01,0.09,1107.33
2020-12-02,0.09,1100.15
2020-12-03,0.09,1096.28
2020-12-04,0.09,1081.85
2020-12-07,0.09,1082.22
2020-12-08,0.09,1085.4
2020-12-09,0.09,1083.78
2020-12-10,0.09,1086.83
2020-12-11,0.09,1091.23
2020-12-14,0.09,1093.19
2020-12-15,0.09,1092.22
2020-12-16,0.09,1093.71
2020-12-17,0.09,1092.96
2020-12-18,0.09,1099.37
2020-12-21,0.09,1107.03
2020-12-22,0.09,1107.12
2020-12-23,0.09,1106.92
2020-12-24,0.09,1103.5033333333333
2020-12-25,0.09,1100.0866666666668
2020-12-28,0.09,1096.67
2020-12-29,0.09,1092.55
2020-12-30,0.09,1086.62
2020-12-31,0.09,1086.11
2021-01-01,0.09,1083.8649999999998
2021-01-04,0.09,1081.62
2021-01-05,0.09,1087.42
2021-01-06,0.09,1085.71
2021-01-07,0.09,1086.78
2021-01-08,0.09,1089.48
2021-01-11,0.09,1097.39
2021-01-12,0.09,1099.57
2021-01-13,0.09,1098.31
2021-01-14,0.09,1098.37
2021-01-15,0.09,1099.39
2021-01-18,0.09,1100.765
2021-01-19,0.09,1102.14
2021-01-20,0.09,1100.025
2021-01-21,0.08,1097.91
2021-01-22,0.08,1105.5
2021-01-25,0.08,1101.02
2021-01-26,0.08,1103.26
2021-01-27,0.08,1104.09
2021-01-28,0.07,1111.95
2021-01-29,0.07,1118.35
2021-02-01,0.08,1116.48
2021-02-02,0.08,1115.88
2021-02-03,0.08,1114.47
2021-02-04,0.08,1120.02
2021-02-05,0.08,1123.7
2021-02-08,0.07,1119.22
2021-02-09,0.08,1116.42
2021-02-10,0.08,1106.9
2021-02-11,0.08,1102.7
2021-02-12,0.08,1102.16
2021-02-15,0.08,1100.885
2021-02-16,0.08,1099.61
2021-02-17,0.08,1107.44
2021-02-18,0.07,1108.56
2021-02-19,0.07,1105.81
2021-02-22,0.07,1111.56
2021-02-23,0.07,1110.25
2021-02-24,0.07,1112.19
2021-02-25,0.07,1107.73
2021-02-26,0.07,1123.36
2021-03-01,0.07,1118.59
2021-03-02,0.07,1125.61
2021-03-03,0.07,1123.96
2021-03-04,0.07,1124.45
2021-03-05,0.07,1124.85
2021-03-08,0.07,1132.64
2021-03-09,0.07,1140.63
2021-03-10,0.07,1139.85
2021-03-11,0.07,1135.19
2021-03-12,0.07,1133.09
2021-03-15,0.07,1136.37
2021-03-16,0.07,1129.69
2021-03-17,0.07,1130.24
2021-03-18,0.07,1123.51
2021-03-19,0.07,1130.38
2021-03-22,0.07,1128.19
2021-03-23,0.07,1128.96
2021-03-24,0.07,1133.35
2021-03-25,0.07,1133.31
2021-03-26,0.07,1129.26
2021-03-29,0.07,1133.57
2021-03-30,0.07,1133.44
2021-03-31,0.06,1126.72
2021-04-01,0.07,1131.63
2021-04-02,0.07,1127.3
2021-04-05,0.07,1127.34
2021-04-06,0.07,1117.12
2021-04-07,0.07,1116.21
2021-04-08,0.07,1116.96
2021-04-09,0.07,1120.84
2021-04-12,0.07,1124.6
2021-04-13,0.07,1125.63
2021-04-14,0.07,1116.43
2021-04-15,0.07,1115.04
2021-04-16,0.07,1114.93
2021-04-19,0.07,1115.03
2021-04-20,0.07,1116.68
2021-04-21,0.07,1117.8
2021-04-22,0.07,1117.3
2021-04-23,0.07,1115.1
2021-04-26,0.07,1110.88
2021-04-27,0.07,1109.6
2021-04-28,0.07,1112.28
2021-04-29,0.06,1108.54
2021-04-30,0.05,1115.58
2021-05-03,0.06,1122.88
2021-05-04,0.06,1122.05
2021-05-05,0.06,1125.82
2021-05-06,0.06,1121.94
2021-05-07,0.06,1121.06
2021-05-10,0.06,1112.28
2021-05-11,0.06,1119.38
2021-05-12,0.06,1124.33
2021-05-13,0.06,1130.35
2021-05-14,0.06,1126.76
2021-05-17,0.06,1136.03
2021-05-18,0.06,1129.67
2021-05-19,0.06,1128.18
2021-05-20,0.06,1127.74
2021-05-21,0.06,1126.59
2021-05-24,0.06,1125.28
2021-05-25,0.06,1123.21
2021-05-26,0.06,1117.63
2021-05-27,0.06,1117.47
2021-05-28,0.05,1114.48
2021-05-31,0.055,1110.455
2021-06-01,0.06,1106.43
2021-06-02,0.06,1110.37
2021-06-03,0.06,1117.63
2021-06-04,0.06,1112.03
2021-06-07,0.06,1111.01
2021-06-08,0.06,1116.43
2021-06-09,0.06,1116.58
2021-06-10,0.06,1114.17
2021-06-11,0.06,1116.57
2021-06-14,0.06,1117.57
2021-06-15,0.06,1118.33
2021-06-16,0.06,1118.42
2021-06-17,0.1,1130.14
2021-06-18,0.1,1135.28
2021-06-21,0.1,1134.19
2021-06-22,0.1,1137.07
2021-06-23,0.1,1133.89
2021-06-24,0.1,1131.5
2021-06-25,0.1,1127.36
2021-06-28,0.1,1130.29
2021-06-29,0.1,1131.68
2021-06-30,0.08,1130.42
2021-07-01,0.1,1134.37
2021-07-02,0.1,1132.42
2021-07-05,0.1,1134.795
2021-07-06,0.1,1137.17
2021-07-07,0.1,1141.26
2021-07-08,0.1,1147.96
2021-07-09,0.1,1145.08
2021-07-12,0.1,1146.29
2021-07-13,0.1,1146.29
2021-07-14,0.1,1147.43
2021-07-15,0.1,1141.21
2021-07-16,0.1,1139.35
2021-07-19,0.1,1147.17
2021-07-20,0.1,1150.45
2021-07-21,0.1,1153.03
2021-07-22,0.1,1149.99
2021-07-23,0.1,1153.53
2021-07-26,0.1,1154.75
2021-07-27,0.1,1156.32
2021-07-28,0.1,1156.27
2021-07-29,0.1,1142.09
2021-07-30,0.07,1151.86
2021-08-02,0.1,1150.72
2021-08-03,0.1,1149.45
2021-08-04,0.1,1142.99
2021-08-05,0.1,1142.53
2021-08-06,0.1,1145.87
2021-08-09,0.1,1145.83
2021-08-10,0.1,1152.5
2021-08-11,0.1,1156.09
2021-08-12,0.1,1162.78
2021-08-13,0.1,1168.36
2021-08-16,0.1,1166.78
2021-08-17,0.1,1177.08
2021-08-18,0.09,1170.18
2021-08-19,0.09,1173.89
2021-08-20,0.09,1180.4
2021-08-23,0.09,1169.73
2021-08-24,0.09,1165.43
2021-08-25,0.09,1164.24
2021-08-26,0.09,1169.88
2021-08-27,0.08,1162.5
2021-08-30,0.08,1166.33
2021-08-31,0.06,1158.32
2021-09-01,0.08,1156.03
2021-09-02,0.08,1160.95
2021-09-03,0.08,1155.44
2021-09-06,0.08,1159.16
2021-09-07,0.08,1162.88
2021-09-08,0.08,1166.21
2021-09-09,0.08,1169.61
2021-09-10,0.08,1169.63
2021-09-13,0.08,1173.33
2021-09-14,0.08,1170.71
2021-09-15,0.08,1168.58
2021-09-16,0.08,1171.23
2021-09-17,0.08,1175.34
2021-09-20,0.08,1186.73
2021-09-21,0.08,1185.15
2021-09-22,0.08,1182.41
2021-09-23,0.08,1173.48
2021-09-24,0.08,1176.53
2021-09-27,0.08,1175.9
2021-09-28,0.08,1183.61
2021-09-29,0.08,1181.75
2021-09-30,0.06,1183.7
2021-10-01,0.08,1187.24
2021-10-04,0.08,1182.4
2021-10-05,0.08,1188.31
2021-10-06,0.08,1192.6
2021-10-07,0.08,1190.76
2021-10-08,0.08,1194.58
2021-10-11,0.08,1196.65
2021-10-12,0.08,1198.72
2021-10-13,0.08,1193.89
2021-10-14,0.08,1186.3
2021-10-15,0.08,1182.34
2021-10-18,0.08,1187.55
2021-10-19,0.08,1175.32
2021-10-20,0.08,1175.05
2021-10-21,0.08,1177.25
2021-10-22,0.08,1176.85
2021-10-25,0.08,1167.59
2021-10-26,0.08,1167.58
2021-10-27,0.08,1171.19
2021-10-28,0.08,1167.34
2021-10-29,0.07,1174.94
2021-11-01,0.08,1177.73
2021-11-02,0.08,1177.04
2021-11-03,0.08,1184.56
2021-11-04,0.08,1186.77
2021-11-05,0.08,1183.28
2021-11-08,0.08,1180.64
2021-11-09,0.08,1178.64
2021-11-10,0.08,1181.16
2021-11-11,0.08,1180.1950000000002
2021-11-12,0.08,1179.23
2021-11-15,0.08,1181.61
2021-11-16,0.08,1183.3
2021-11-17,0.08,1182.4
2021-11-18,0.08,1183.42
2021-11-19,0.08,1184.93
2021-11-22,0.08,1185.33
2021-11-23,0.08,1190.31
2021-11-24,0.08,1186.01
2021-11-25,0.08,1190.22
2021-11-26,0.08,1194.43
2021-11-29,0.08,1192.96
2021-11-30,0.07,1187.45
2021-12-01,0.08,1187.45
2021-12-02,0.08,1175.18
2021-12-03,0.08,1179.84
2021-12-06,0.08,1182.29
2021-12-07,0.08,1179.24
2021-12-08,0.08,1175.19
2021-12-09,0.08,1173.59
2021-12-10,0.08,1180.99
2021-12-13,0.08,1184.19
2021-12-14,0.08,1182.7
2021-12-15,0.08,1186.06
2021-12-16,0.08,1183.59
2021-12-17,0.08,1181.03
2021-12-20,0.08,1191.07
2021-12-21,0.08,1192.35
2021-12-22,0.08,1190.21
2021-12-23,0.08,1187.59
2021-12-24,0.08,1187.205
2021-12-27,0.08,1186.82
2021-12-28,0.08,1188.15
2021-12-29,0.08,1185.51
2021-12-30,0.08,1188.59
2021-12-31,0.07,1189.99
2022-01-03,0.08,1191.39
2022-01-04,0.08,1193.77
2022-01-05,0.08,1196.38
2022-01-06,0.08,1205.02
2022-01-07,0.08,1200.78
2022-01-10,0.08,1199.13
2022-01-11,0.08,1194.62
2022-01-12,0.08,1187.34
2022-01-13,0.08,1187.95
2022-01-14,0.08,1186.96
2022-01-17,0.08,1189.85
2022-01-18,0.08,1192.74
2022-01-19,0.08,1188.51
2022-01-20,0.08,1191.96
2022-01-21,0.08,1193.87
2022-01-24,0.08,1195.68
2022-01-25,0.08,1198.66
2022-01-26,0.08,1197.46
2022-01-27,0.08,1202.65
2022-01-28,0.08,1209.04
2022-01-31,0.08,1206.78
2022-02-01,0.08,1209.44
2022-02-02,0.08,1201.7
2022-02-03,0.08,1206.35
2022-02-04,0.08,1199.43
2022-02-07,0.08,1198.64
2022-02-08,0.08,1198.05
2022-02-09,0.08,1196.36
2022-02-10,0.08,1196.31
2022-02-11,0.08,1198.72
2022-02-14,0.08,1196.21
2022-02-15,0.08,1199.78
2022-02-16,0.08,1197.51
2022-02-17,0.08,1197.39
2022-02-18,0.08,1195.4
2022-02-21,0.08,1193.7350000000001
2022-02-22,0.08,1192.07
2022-02-23,0.08,1193.42
2022-02-24,0.08,1202.34
2022-02-25,0.08,1201.93
2022-02-28,0.08,1202.28
2022-03-01,0.08,1204.34
2022-03-02,0.08,1205.58
2022-03-03,0.08,1204.35
2022-03-04,0.08,1213.71
2022-03-07,0.08,1226.78
2022-03-08,0.08,1237.18
2022-03-09,0.08,1234.01
2022-03-10,0.08,1228.21
2022-03-11,0.08,1231.47
2022-03-14,0.08,1241.46
2022-03-15,0.08,1242.65
2022-03-16,0.08,1228.04
2022-03-17,0.33,1214.33
2022-03-18,0.33,1212.2
2022-03-21,0.33,1216.12
2022-03-22,0.33,1217.09
2022-03-23,0.33,1217.92
2022-03-24,0.33,1220.45
2022-03-25,0.33,1218.77
2022-03-28,0.33,1225.46
2022-03-29,0.33,1219.21
2022-03-30,0.33,1208.46
2022-03-31,0.33,1211.55
2022-04-01,0.33,1215.29
2022-04-04,0.33,1214.72
2022-04-05,0.33,1212.55
2022-04-06,0.33,1212.55
2022-04-07,0.33,1218.96
2022-04-08,0.33,1225.13
2022-04-11,0.33,1233.38
2022-04-12,0.33,1236.03
2022-04-13,0.33,1227.17
2022-04-14,0.33,1224.18
2022-04-15,0.33,1227.97
2022-04-18,0.33,1233.73
2022-04-19,0.33,1236.53
2022-04-20,0.33,1235.28
2022-04-21,0.33,1238.13
2022-04-22,0.33,1239.66
2022-04-25,0.33,1249.87
2022-04-26,0.33,1260.37
2022-04-27,0.33,1269.35
2022-04-28,0.33,1271.5
2022-04-29,0.33,1255.87
2022-05-02,0.33,1265.24
2022-05-03,0.33,1267.82
2022-05-04,0.33,1265.22
2022-05-05,0.83,1256.05
2022-05-06,0.83,1272.58
2022-05-09,0.83,1276.29
2022-05-10,0.83,1275.02
2022-05-11,0.83,1275.04
2022-05-12,0.83,1288.65
2022-05-13,0.83,1283.51
2022-05-16,0.83,1284.79
2022-05-17,0.83,1274.33
2022-05-18,0.83,1266.36
2022-05-19,0.83,1276.91
2022-05-20,0.83,1267.87
2022-05-23,0.83,1263.85
2022-05-24,0.83,1265.97
2022-05-25,0.83,1264.58
2022-05-26,0.83,1267.83
2022-05-27,0.83,1250.13
2022-05-30,0.83,1243.5300000000002
2022-05-31,0.83,1236.93
2022-06-01,0.83,1246.52
2022-06-02,0.83,1252.03
2022-06-03,0.83,1242.23
2022-06-06,0.83,1253.52
2022-06-07,0.83,1255.32
2022-06-08,0.83,1253.5
2022-06-09,0.83,1256.91
2022-06-10,0.83,1268.01
2022-06-13,0.83,1283.69
2022-06-14,0.83,1285.87
2022-06-15,0.83,1290.05
2022-06-16,1.58,1286.76
2022-06-17,1.58,1287.36
2022-06-20,1.58,1290.3049999999998
2022-06-21,1.58,1293.25
2022-06-22,1.58,1297.21
2022-06-23,1.58,1300.86
2022-06-24,1.58,1298.71
2022-06-27,1.58,1286.2
2022-06-28,1.58,1290.18
2022-06-29,1.58,1298.39
2022-06-30,1.58,1298.95
2022-07-01,1.58,1297.18
2022-07-04,1.58,1298.435
2022-07-05,1.58,1299.69
2022-07-06,1.58,1307.1
2022-07-07,1.58,1299.51
2022-07-08,1.58,1299.51
2022-07-11,1.58,1308.9
2022-07-12,1.58,1311.91
2022-07-13,1.58,1306.65
2022-07-14,1.58,1311.76
2022-07-15,1.58,1321.15
2022-07-18,1.58,1316.7
2022-07-19,1.58,1313.52
2022-07-20,1.58,1313.1
2022-07-21,1.58,1307.58
2022-07-22,1.58,1312.82
2022-07-25,1.58,1313.27
2022-07-26,1.58,1308.33
2022-07-27,1.58,1313.14
2022-07-28,2.33,1299.69
2022-07-29,2.32,1299.08
2022-08-01,2.33,1304.18
2022-08-02,2.33,1304.89
2022-08-03,2.33,1310.69
2022-08-04,2.33,1310.2
2022-08-05,2.33,1298.22
2022-08-08,2.33,1306.11
2022-08-09,2.33,1304.5
2022-08-10,2.33,1310.54
2022-08-11,2.33,1302.72
2022-08-12,2.33,1302.13
2022-08-15,2.33,1305.85
2022-08-16,2.33,1308.54
2022-08-17,2.33,1310.16
2022-08-18,2.33,1319.94
2022-08-19,2.33,1325.5
2022-08-22,2.33,1339.4
2022-08-23,2.33,1339.4
2022-08-24,2.33,1342.05
2022-08-25,2.33,1335.46
2022-08-26,2.33,1331.17
2022-08-29,2.33,1349.8
2022-08-30,2.33,1346.37
2022-08-31,2.33,1338.66
2022-09-01,2.33,1354.34
2022-09-02,2.33,1362.2
2022-09-05,2.33,1370.575
2022-09-06,2.33,1378.95
2022-09-07,2.33,1383.72
2022-09-08,2.33,1380.51
2022-09-09,2.33,1376.74
2022-09-12,2.33,1377.38
2022-09-13,2.33,1373.76
2022-09-14,2.33,1391.1
2022-09-15,2.33,1393.93
2022-09-16,2.33,1384.48
2022-09-19,2.33,1393.05
2022-09-20,2.33,1389.86
2022-09-21,2.33,1395.92
2022-09-22,3.08,1412.29
2022-09-23,3.08,1409.42
2022-09-26,3.08,1432.47
2022-09-27,3.08,1422.39
2022-09-28,3.08,1440.5
2022-09-29,3.08,1439.15
2022-09-30,3.08,1431.67
2022-10-03,3.08,1434.83
2022-10-04,3.08,1425.75
2022-10-05,3.08,1410.74
2022-10-06,3.08,1402.33
2022-10-07,3.08,1412.54
2022-10-10,3.08,1423.9499999999998
2022-10-11,3.08,1435.36
2022-10-12,3.08,1423.81
2022-10-13,3.08,1430.4
2022-10-14,3.08,1428.06
2022-10-17,3.08,1434.73
2022-10-18,3.08,1422.19
2022-10-19,3.08,1426.07
2022-10-20,3.08,1431.63
2022-10-21,3.08,1440.31
2022-10-24,3.08,1439.14
2022-10-25,3.08,1432.46
2022-10-26,3.08,1425.68
2022-10-27,3.08,1419.0
2022-10-28,3.08,1421.67
2022-10-31,3.08,1424.6
2022-11-01,3.08,1416.2
2022-11-02,3.08,1418.31
2022-11-03,3.83,1423.99
2022-11-04,3.83,1423.99
2022-11-07,3.83,1402.05
2022-11-08,3.83,1384.61
2022-11-09,3.83,1364.85
2022-11-10,3.83,1377.52
2022-11-11,3.83,1352.45
2022-11-14,3.83,1327.38
2022-11-15,3.83,1317.88
2022-11-16,3.83,1326.46
2022-11-17,3.83,1338.97
2022-11-18,3.83,1339.61
2022-11-21,3.83,1354.87
2022-11-22,3.83,1356.66
2022-11-23,3.83,1352.49
2022-11-24,3.83,1338.855
2022-11-25,3.83,1325.22
2022-11-28,3.83,1340.66
2022-11-29,3.83,1327.24
2022-11-30,3.83,1316.84
2022-12-01,3.83,1299.11
2022-12-02,3.83,1300.5
2022-12-05,3.83,1292.58
2022-12-06,3.83,1319.31
2022-12-07,3.83,1322.23
2022-12-08,3.83,1317.56
2022-12-09,3.83,1301.61
2022-12-12,3.83,1307.62
2022-12-13,3.83,1301.47
2022-12-14,3.83,1294.79
2022-12-15,4.33,1302.91
2022-12-16,4.33,1307.73
2022-12-19,4.33,1302.29
2022-12-20,4.33,1290.41
2022-12-21,4.33,1284.7
2022-12-22,4.33,1275.68
2022-12-23,4.33,1280.02
2022-12-26,4.33,1275.51
2022-12-27,4.33,1271.0
2022-12-28,4.33,1267.54
2022-12-29,4.33,1265.58
2022-12-30,4.33,1260.18
2023-01-02,4.33,1265.6399999999999
2023-01-03,4.33,1271.1
2023-01-04,4.33,1272.15
2023-01-05,4.33,1268.91
2023-01-06,4.33,1268.13
2023-01-09,4.33,1243.62
2023-01-10,4.33,1243.83
2023-01-11,4.33,1245.39
2023-01-12,4.33,1246.26
2023-01-13,4.33,1241.59
2023-01-16,4.33,1240.145
2023-01-17,4.33,1238.7
2023-01-18,4.33,1237.32
2023-01-19,4.33,1232.05
2023-01-20,4.33,1235.57
2023-01-23,4.33,1228.59
2023-01-24,4.33,1234.79
2023-01-25,4.33,1231.67
2023-01-26,4.33,1230.95
2023-01-27,4.33,1231.53
2023-01-30,4.33,1227.31
2023-01-31,4.33,1231.95
2023-02-01,4.33,1231.77
2023-02-02,4.58,1220.34
2023-02-03,4.58,1229.22
2023-02-06,4.58,1252.61
2023-02-07,4.58,1255.53
2023-02-08,4.58,1260.03
2023-02-09,4.57,1259.67
2023-02-10,4.58,1264.15
2023-02-13,4.58,1277.05
2023-02-14,4.58,1268.93
2023-02-15,4.58,1282.16
2023-02-16,4.58,1284.33
2023-02-17,4.58,1299.62
2023-02-20,4.58,1297.8049999999998
2023-02-21,4.58,1295.99
2023-02-22,4.58,1304.31
2023-02-23,4.58,1296.79
2023-02-24,4.58,1304.59
2023-02-27,4.57,1322.45
2023-02-28,4.57,1323.45
2023-03-01,4.58,1315.15
2023-03-02,4.57,1313.96
2023-03-03,4.57,1300.59
2023-03-06,4.57,1296.14
2023-03-07,4.57,1299.7
2023-03-08,4.57,1320.81
2023-03-09,4.57,1321.58
2023-03-10,4.57,1324.51
2023-03-13,4.58,1300.46
2023-03-14,4.58,1306.13
2023-03-15,4.58,1317.78
2023-03-16,4.58,1312.13
2023-03-17,4.58,1303.75
2023-03-20,4.58,1310.69
2023-03-21,4.58,1310.65
2023-03-22,4.58,1307.5
2023-03-23,4.83,1278.93
2023-03-24,4.83,1292.57
2023-03-27,4.83,1301.01
2023-03-28,4.83,1298.26
2023-03-29,4.83,1303.38
2023-03-30,4.83,1298.89
2023-03-31,4.83,1303.8
2023-04-03,4.83,1316.38
2023-04-04,4.83,1315.1
2023-04-05,4.83,1310.05
2023-04-06,4.83,1319.1
2023-04-07,4.83,1319.1
2023-04-10,4.83,1319.09
2023-04-11,4.83,1322.04
2023-04-12,4.83,1325.34
2023-04-13,4.83,1310.68
2023-04-14,4.83,1299.12
2023-04-17,4.83,1311.36
2023-04-18,4.83,1318.43
2023-04-19,4.83,1325.28
2023-04-20,4.83,1323.28
2023-04-21,4.83,1327.53
2023-04-24,4.83,1334.94
2023-04-25,4.83,1331.93
2023-04-26,4.83,1336.23
2023-04-27,4.83,1337.75
2023-04-28,4.83,1338.41
2023-05-01,4.83,1339.65
2023-05-02,4.83,1341.0
2023-05-03,4.83,1337.94
2023-05-04,5.08,1322.21
2023-05-05,5.08,1318.38
2023-05-08,5.08,1320.49
2023-05-09,5.08,1323.59
2023-05-10,5.08,1324.48
2023-05-11,5.08,1325.09
2023-05-12,5.08,1333.74
2023-05-15,5.08,1336.13
2023-05-16,5.08,1338.64
2023-05-17,5.08,1337.29
2023-05-18,5.08,1333.88
2023-05-19,5.08,1326.12
2023-05-22,5.08,1317.77
2023-05-23,5.08,1312.01
2023-05-24,5.08,1316.71
2023-05-25,5.08,1325.9
2023-05-26,5.08,1324.4
2023-05-29,5.08,1324.495
2023-05-30,5.08,1324.59
2023-05-31,5.08,1324.55
2023-06-01,5.08,1321.35
2023-06-02,5.08,1305.21
2023-06-05,5.08,1308.16
2023-06-06,5.08,1297.93
2023-06-07,5.08,1303.62
2023-06-08,5.08,1304.26
2023-06-09,5.08,1291.46
2023-06-12,5.08,1288.61
2023-06-13,5.08,1271.48
2023-06-14,5.08,1278.44
2023-06-15,5.07,1279.99
2023-06-16,5.08,1272.68
2023-06-19,5.075,1276.4450000000002
2023-06-20,5.07,1280.21
2023-06-21,5.07,1291.78
2023-06-22,5.07,1294.75
2023-06-23,5.07,1304.19
2023-06-26,5.07,1304.88
2023-06-27,5.07,1299.99
2023-06-28,5.07,1307.76
2023-06-29,5.07,1317.73
2023-06-30,5.08,1317.8
2023-07-03,5.08,1308.37
2023-07-04,5.08,1303.5549999999998
2023-07-05,5.08,1298.74
2023-07-06,5.08,1300.85
2023-07-07,5.08,1304.89
2023-07-10,5.07,1306.45
2023-07-11,5.08,1293.64
2023-07-12,5.08,1288.17
2023-07-13,5.08,1273.99
2023-07-14,5.08,1266.28
2023-07-17,5.08,1267.02
2023-07-18,5.08,1260.87
2023-07-19,5.08,1265.76
2023-07-20,5.08,1269.26
2023-07-21,5.08,1283.71
2023-07-24,5.08,1280.54
2023-07-25,5.08,1275.32
2023-07-26,5.08,1274.04
2023-07-27,5.33,1277.23
2023-07-28,5.33,1276.69
2023-07-31,5.33,1273.85
2023-08-01,5.33,1283.84
2023-08-02,5.33,1297.66
2023-08-03,5.33,1298.54
2023-08-04,5.33,1309.49
2023-08-07,5.33,1305.94
2023-08-08,5.33,1316.02
2023-08-09,5.33,1315.45
2023-08-10,5.33,1315.54
2023-08-11,5.33,1324.17
2023-08-14,5.33,1330.05
2023-08-15,5.33,1335.0
2023-08-16,5.33,1336.84
2023-08-17,5.33,1341.13
2023-08-18,5.33,1337.99
2023-08-21,5.33,1342.45
2023-08-22,5.33,1335.06
2023-08-23,5.33,1339.12
2023-08-24,5.33,1321.07
2023-08-25,5.33,1324.11
2023-08-28,5.33,1323.2
2023-08-29,5.33,1321.87
2023-08-30,5.33,1323.42
2023-08-31,5.33,1322.43
2023-09-01,5.33,1318.34
2023-09-04,5.33,1324.25
2023-09-05,5.33,1330.16
2023-09-06,5.33,1330.87
2023-09-07,5.33,1335.03
2023-09-08,5.33,1332.83
2023-09-11,5.33,1331.59
2023-09-12,5.33,1327.29
2023-09-13,5.33,1329.7
2023-09-14,5.33,1325.88
2023-09-15,5.33,1325.89
2023-09-18,5.33,1323.99
2023-09-19,5.33,1328.13
2023-09-20,5.33,1330.34
2023-09-21,5.33,1340.08
2023-09-22,5.33,1336.58
2023-09-25,5.33,1336.03
2023-09-26,5.33,1348.69
2023-09-27,5.33,1349.05
2023-09-28,5.33,1356.41
2023-09-29,5.33,1347.86
2023-10-02,5.33,1351.67
2023-10-03,5.33,1360.62
2023-10-04,5.33,1362.94
2023-10-05,5.33,1350.22
2023-10-06,5.33,1350.17
2023-10-09,5.33,1349.98
2023-10-10,5.33,1349.79
2023-10-11,5.33,1339.31
2023-10-12,5.33,1338.21
2023-10-13,5.33,1349.65
2023-10-16,5.33,1353.67
2023-10-17,5.33,1353.6
2023-10-18,5.33,1349.45
2023-10-19,5.33,1357.5
2023-10-20,5.33,1352.92
2023-10-23,5.33,1353.7
2023-10-24,5.33,1342.68
2023-10-25,5.33,1349.07
2023-10-26,5.33,1359.32
2023-10-27,5.33,1355.15
2023-10-30,5.33,1350.98
2023-10-31,5.33,1351.03
2023-11-01,5.33,1356.94
2023-11-02,5.33,1342.91
2023-11-03,5.33,1322.04
2023-11-06,5.33,1297.94
2023-11-07,5.33,1308.33
2023-11-08,5.33,1309.98
2023-11-09,5.33,1309.89
2023-11-10,5.33,1317.43
2023-11-13,5.33,1324.97
2023-11-14,5.33,1328.74
2023-11-15,5.33,1300.34
2023-11-16,5.33,1297.1
2023-11-17,5.33,1296.21
2023-11-20,5.33,1291.48
2023-11-21,5.33,1289.34
2023-11-22,5.33,1300.06
2023-11-23,5.33,1303.07
2023-11-24,5.33,1306.08
2023-11-27,5.33,1304.33
2023-11-28,5.33,1293.71
2023-11-29,5.33,1292.74
2023-11-30,5.33,1289.95
2023-12-01,5.33,1305.45
2023-12-04,5.33,1304.43
2023-12-05,5.33,1311.47
2023-12-06,5.33,1313.03
2023-12-07,5.33,1325.27
2023-12-08,5.33,1307.11
2023-12-11,5.33,1316.38
2023-12-12,5.33,1313.75
2023-12-13,5.33,1319.76
2023-12-14,5.33,1296.11
2023-12-15,5.33,1295.92
2023-12-18,5.33,1297.63
2023-12-19,5.33,1307.95
2023-12-20,5.33,1299.22
2023-12-21,5.33,1304.82
2023-12-22,5.33,1302.54
2023-12-25,5.33,1298.395
2023-12-26,5.33,1294.25
2023-12-27,5.33,1293.38
2023-12-28,5.33,1288.45
2023-12-29,5.33,1290.97
2024-01-01,5.33,1295.745
2024-01-02,5.33,1300.52
2024-01-03,5.33,1305.1
2024-01-04,5.33,1310.39
2024-01-05,5.33,1315.62
2024-01-08,5.33,1315.58
2024-01-09,5.33,1315.92
2024-01-10,5.33,1320.42
2024-01-11,5.33,1313.04
2024-01-12,5.33,1313.41
2024-01-15,5.33,1322.455
2024-01-16,5.33,1331.5
2024-01-17,5.33,1344.23
2024-01-18,5.33,1338.73
2024-01-19,5.33,1338.53
2024-01-22,5.33,1338.25
2024-01-23,5.33,1333.76
2024-01-24,5.33,1337.74
2024-01-25,5.33,1336.0
2024-01-26,5.33,1336.08
2024-01-29,5.33,1335.5
2024-01-30,5.33,1328.93
2024-01-31,5.33,1334.9
2024-02-01,5.33,1331.78
2024-02-02,5.33,1321.9
2024-02-05,5.33,1330.98
2024-02-06,5.33,1326.83
2024-02-07,5.33,1327.37
2024-02-08,5.33,1328.07
2024-02-09,5.33,1333.1
2024-02-12,5.33,1331.37
2024-02-13,5.33,1327.88
2024-02-14,5.33,1335.06
2024-02-15,5.33,1333.84
2024-02-16,5.33,1334.96
2024-02-19,5.33,1336.105
2024-02-20,5.33,1337.25
2024-02-21,5.33,1334.95
2024-02-22,5.33,1328.71
2024-02-23,5.33,1328.71
2024-02-26,5.33,1330.86
2024-02-27,5.33,1330.86
2024-02-28,5.33,1336.02
2024-02-29,5.33,1336.19
2024-03-01,5.33,1334.8
2024-03-04,5.33,1331.29
2024-03-05,5.33,1336.51
2024-03-06,5.33,1333.99
2024-03-07,5.33,1324.3
2024-03-08,5.33,1319.28
2024-03-11,5.33,1312.55
2024-03-12,5.33,1310.82
2024-03-13,5.33,1314.67
2024-03-14,5.33,1318.2
2024-03-15,5.33,1329.35
2024-03-18,5.33,1333.59
2024-03-19,5.33,1338.28
2024-03-20,5.33,1339.02
2024-03-21,5.33,1322.11
2024-03-22,5.33,1338.14
2024-03-25,5.33,1342.61
2024-03-26,5.33,1344.0
2024-03-27,5.33,1348.58
2024-03-28,5.33,1346.01
2024-03-29,5.33,1347.08
2024-04-01,5.33,1348.75
2024-04-02,5.33,1351.37
2024-04-03,5.33,1348.5
2024-04-04,5.33,1346.87
2024-04-05,5.33,1352.58
2024-04-08,5.33,1353.2
2024-04-09,5.33,1354.8
2024-04-10,5.33,1349.05
2024-04-11,5.33,1364.19
2024-04-12,5.33,1374.74
2024-04-15,5.33,1383.63
2024-04-16,5.33,1393.92
2024-04-17,5.33,1385.88
2024-04-18,5.33,1373.42
2024-04-19,5.33,1376.72
2024-04-22,5.33,1381.84
2024-04-23,5.33,1379.27
2024-04-24,5.33,1369.86
2024-04-25,5.33,1369.86
2024-04-26,5.33,1375.1
2024-04-29,5.33,1377.35
2024-04-30,5.33,1381.92
2024-05-01,5.33,1386.95
2024-05-02,5.33,1375.39
2024-05-03,5.33,1363.04
2024-05-06,5.33,1358.81
2024-05-07,5.33,1359.45
2024-05-08,5.33,1359.45
2024-05-09,5.33,1369.74
2024-05-10,5.33,1367.77
2024-05-13,5.33,1367.91
2024-05-14,5.33,1368.77
2024-05-15,5.33,1360.15
2024-05-16,5.33,1345.15
2024-05-17,5.33,1354.83
2024-05-20,5.33,1356.0
2024-05-21,5.33,1363.54
2024-05-22,5.33,1362.36
2024-05-23,5.33,1362.38
2024-05-24,5.33,1369.02
2024-05-27,5.33,1363.335
2024-05-28,5.33,1357.65
2024-05-29,5.33,1365.07
2024-05-30,5.33,1365.07
2024-05-31,5.33,1385.43
2024-06-03,5.33,1375.91
2024-06-04,5.33,1375.96
2024-06-05,5.33,1372.58
2024-06-06,5.33,1365.45
2024-06-07,5.33,1366.38
2024-06-10,5.33,1375.71
2024-06-11,5.33,1375.71
2024-06-12,5.33,1378.01
2024-06-13,5.33,1376.11
2024-06-14,5.33,1378.96
2024-06-17,5.33,1380.5
2024-06-18,5.33,1380.88
2024-06-19,5.33,1382.63
2024-06-20,5.33,1384.38
2024-06-21,5.33,1388.17
2024-06-24,5.33,1389.17
2024-06-25,5.33,1387.16
2024-06-26,5.33,1388.65
2024-06-27,5.33,1385.76
2024-06-28,5.33,1376.55
2024-07-01,5.33,1383.0
2024-07-02,5.33,1386.55
2024-07-03,5.33,1384.85
2024-07-04,5.33,1382.36
2024-07-05,5.33,1379.87
2024-07-08,5.33,1382.73
2024-07-09,5.33,1383.39
2024-07-10,5.33,1383.42
2024-07-11,5.33,1370.85
2024-07-12,5.33,1374.9
2024-07-15,5.33,1382.97
2024-07-16,5.33,1384.99
2024-07-17,5.33,1380.61
2024-07-18,5.33,1383.85
2024-07-19,5.33,1389.29
2024-07-22,5.33,1388.71
2024-07-23,5.33,1385.78
2024-07-24,5.33,1379.4
2024-07-25,5.33,1380.57
2024-07-26,5.33,1383.11
2024-07-29,5.33,1381.93
2024-07-30,5.33,1384.98
2024-07-31,5.33,1369.29
2024-08-01,5.33,1368.5
2024-08-02,5.33,1359.38
2024-08-05,5.33,1367.68
2024-08-06,5.33,1377.4
2024-08-07,5.33,1374.98
2024-08-08,5.33,1376.94
2024-08-09,5.33,1363.71
2024-08-12,5.33,1369.87
2024-08-13,5.33,1367.28
2024-08-14,5.33,1355.35
2024-08-15,5.33,1363.21
2024-08-16,5.33,1354.34
2024-08-19,5.33,1334.21
2024-08-20,5.33,1331.78
2024-08-21,5.33,1333.74
2024-08-22,5.33,1343.23
2024-08-23,5.33,1327.56
2024-08-26,5.33,1328.53
2024-08-27,5.33,1330.9
2024-08-28,5.33,1335.15
2024-08-29,5.33,1332.02
2024-08-30,5.33,1336.0
2024-09-02,5.33,1337.895
2024-09-03,5.33,1339.79
2024-09-04,5.33,1336.93
2024-09-05,5.33,1335.14
2024-09-06,5.33,1335.68
2024-09-09,5.33,1342.16
2024-09-10,5.33,1343.41
2024-09-11,5.33,1340.59
2024-09-12,5.33,1341.35
2024-09-13,5.33,1329.26
2024-09-16,5.33,1320.59
2024-09-17,5.33,1323.81
2024-09-18,5.33,1324.15
2024-09-19,4.83,1329.08
2024-09-20,4.83,1333.66
2024-09-23,4.83,1334.12
2024-09-24,4.83,1330.0
2024-09-25,4.83,1335.1
2024-09-26,4.83,1314.78
2024-09-27,4.83,1309.43
2024-09-30,4.83,1314.94
2024-10-01,4.83,1323.78
2024-10-02,4.83,1321.53
2024-10-03,4.83,1335.58
2024-10-04,4.83,1348.74
2024-10-07,4.83,1343.75
2024-10-08,4.83,1346.49
2024-10-09,4.83,1346.04
2024-10-10,4.83,1350.77
2024-10-11,4.83,1350.71
2024-10-14,4.83,1357.94
2024-10-15,4.83,1365.17
2024-10-16,4.83,1363.76
2024-10-17,4.83,1371.08
2024-10-18,4.83,1369.65
2024-10-21,4.83,1379.14
2024-10-22,4.83,1379.22
2024-10-23,4.83,1381.61
2024-10-24,4.83,1382.11
2024-10-25,4.83,1389.24
2024-10-28,4.83,1385.57
2024-10-29,4.83,1382.2
2024-10-30,4.83,1378.41
2024-10-31,4.83,1377.57
2024-11-01,4.83,1376.95
2024-11-04,4.83,1375.17
2024-11-05,4.83,1380.26
2024-11-06,4.83,1399.98
2024-11-07,4.83,1384.66
2024-11-08,4.58,1396.69
2024-11-11,4.58,1402.4850000000001
2024-11-12,4.58,1408.28
2024-11-13,4.58,1404.24
2024-11-14,4.58,1402.77
2024-11-15,4.58,1397.42
2024-11-18,4.58,1394.28
2024-11-19,4.58,1392.83
2024-11-20,4.58,1399.51
2024-11-21,4.58,1401.0
2024-11-22,4.58,1405.49
2024-11-25,4.58,1401.03
2024-11-26,4.58,1396.69
2024-11-27,4.58,1391.14
2024-11-28,4.58,1394.065
2024-11-29,4.58,1396.99
2024-12-02,4.58,1406.13
2024-12-03,4.58,1427.83
2024-12-04,4.58,1412.16
2024-12-05,4.58,1415.88
2024-12-06,4.58,1422.4
2024-12-09,4.58,1430.05
2024-12-10,4.58,1432.6
2024-12-11,4.58,1428.5
2024-12-12,4.58,1429.47
2024-12-13,4.58,1434.82
2024-12-16,4.58,1434.82
2024-12-17,4.58,1434.82
2024-12-18,4.58,1434.82
2024-12-19,4.33,1434.82
